ip,
1.161.75.18,
100.43.220.234,
101.36.125.203
102.140.71.10
102.65.38.90
103.107.104.19
103.107.113.120
103.132.242.26
103.145.86.160
103.146.232.5
103.221.254.102
103.224.80.76
103.27.108.196
103.56.53.120
103.70.28.102
103.75.32.173
103.79.120.66
103.87.95.133
103.88.226.30
103.9.188.78
104.131.11.205
104.223.34.198
104.236.150.159
105.159.248.137
106.246.224.219
107.151.113.218
107.151.113.219
107.151.113.220
107.151.113.221
107.151.113.222
107.151.64.100
107.151.64.101
107.151.64.102
107.151.64.98
107.151.64.99
107.151.94.66
107.151.94.67
107.151.94.68
107.151.94.69
107.151.94.70
107.178.71.211
109.192.30.125
112.5.154.7
113.11.89.170
116.204.211.22
117.102.102.186
120.36.97.210
120.61.3.249
125.24.101.65
134.122.66.193
135.181.212.177
135.181.213.220
137.184.170.55
137.184.62.107
138.197.109.175
143.198.190.220
143.244.167.1
144.48.222.220
144.48.222.252
144.48.243.79
144.76.176.171
144.76.29.149
144.76.4.41
146.185.136.187
150.129.55.108
151.0.169.250
154.204.27.130
154.204.27.181
154.39.248.37
156.226.173.202
156.226.173.23
156.234.65.82
156.234.65.83
156.234.65.84
156.234.65.86
157.230.104.79
159.223.140.18
159.223.140.188
160.16.142.56
160.16.58.163
160.202.170.62
161.142.56.8
162.243.169.209
168.100.8.38
170.210.45.163
172.104.251.154
174.142.117.70
175.126.176.79
176.113.69.91
177.190.76.82
177.222.51.50
178.62.69.4
179.158.105.44
179.43.169.178
180.183.128.80
183.111.227.137
185.207.153.208
185.82.169.99
187.102.135.142
187.250.114.15
187.84.80.182
188.152.254.170
189.176.231.229
189.232.46.161
190.252.242.69
191.112.12.240
191.205.7.5
191.232.38.25
191.249.126.43
192.95.36.61
193.164.222.130
193.164.222.131
193.164.222.132
193.164.223.74
193.164.223.75
193.164.223.76
193.164.223.77
193.164.223.78
193.36.112.187
193.36.112.188
193.36.112.189
193.36.112.190
194.146.84.242
194.146.84.243
194.146.84.244
194.146.84.245
194.146.84.246
194.31.98.124
197.87.144.34
2.230.110.137
20.46.245.56
200.58.84.99
201.103.199.197
201.212.192.206
201.94.166.162
202.134.152.2
202.152.56.10
202.29.239.162
202.8.123.117
202.8.123.122
202.8.123.124
202.8.123.153
202.8.123.159
202.8.123.160
202.8.123.190
202.8.123.232
202.8.123.233
202.8.123.35
202.8.123.36
202.8.123.68
202.8.123.81
202.8.123.97
202.8.123.98
202.8.123.99
203.122.46.130
203.151.233.10
206.189.28.199
206.189.46.22
208.81.37.50
209.180.70.25
212.103.208.182
212.202.147.10
212.234.179.113
216.83.35.130
217.164.117.187
217.57.80.18
221.120.103.253
23.225.132.242
23.225.132.243
23.225.132.245
23.225.132.246
23.226.128.197
24.199.247.222
31.14.40.107
31.168.158.239
32.221.224.140
36.95.73.109
37.152.80.105
37.71.147.186
37.99.163.162
39.41.142.101
39.44.144.159
39.49.46.114
41.38.167.179
41.84.241.23
43.129.210.43
43.240.238.251
43.240.238.252
43.240.238.253
43.240.238.254
43.254.218.42
45.131.179.179
45.154.14.235
45.176.232.125
45.221.8.171
45.241.152.155
47.158.25.67
47.88.21.70
5.189.160.61
5.9.154.69
5.9.98.234
50.255.126.65
51.68.141.164
52.149.228.45
65.108.0.71
65.108.134.143
65.21.232.254
68.183.94.239
69.90.184.125
70.51.134.168
70.62.153.174
75.113.214.234
78.100.225.12
78.134.89.167
78.188.76.167
79.143.187.147
79.172.212.132
80.15.113.188
80.153.75.103
80.155.38.210
81.132.186.248
81.4.177.118
81.60.217.218
82.84.66.211
83.110.157.57
83.110.85.209
84.32.188.96
86.220.98.71
86.98.157.14
86.98.208.214
87.139.163.216
88.198.101.58
88.198.101.58
89.248.165.72
90.63.245.175
91.200.103.242
91.207.28.33
92.118.188.78
93.51.177.66
94.177.178.26
96.80.68.193
96.9.69.207
